Epoch,Train Loss,Train Accuracy,Val Loss,Val Accuracy
1,1.9106090539589136,47.395517867958816,1.3308704999066139,68.53197674418605
2,1.2992199545264749,67.24409448818898,0.9957226191380227,74.12790697674419
3,1.0635213315884031,72.36826165960024,0.8594838098962178,76.88953488372093
4,0.9314826166680334,75.03937007874016,0.7518456495085428,79.21511627906976
5,0.8573168529733465,76.44457904300424,0.6692874505538349,81.66182170542636
6,0.7934117119937576,77.8740157480315,0.6266699615837068,81.61337209302326
7,0.7462086835895286,79.12780133252575,0.5799372066823087,83.57558139534883
8,0.7110941276161834,79.59418534221683,0.5559961728809416,84.1327519379845
9,0.6991498858909907,79.64264082374319,0.5437635668488436,84.08430232558139
10,0.675922969519767,80.07874015748031,0.5113864169102307,84.83527131782945
11,0.6523087995692067,80.76317383403997,0.471143562895383,86.43410852713178
12,0.6416377534438884,80.58752271350697,0.49030573308005815,85.46511627906976
13,0.6312062411579776,80.79951544518474,0.47671954345333484,86.36143410852713
14,0.6049325002279519,81.88976377952756,0.4583226631778155,86.28875968992249
15,0.5956029202886093,81.78073894609328,0.4401669864968736,86.74903100775194
16,0.5819738895080077,81.91399152029074,0.4357039930746537,86.94282945736434
17,0.5878494337246246,82.02301635372501,0.432538739817087,86.99127906976744
18,0.5792521948095237,82.42277407631738,0.43441747868245884,87.13662790697674
19,0.5685006132276039,82.31980617807389,0.41818758198457173,87.18507751937985
20,0.5577163464080053,82.92549969715324,0.4321867557921151,86.33720930232558
